[{"inputs":[{"internalType":"address[]","name":"managerAddresses","type":"address[]"},{"internalType":"uint256","name":"confirmationCount","type":"uint256"},{"internalType":"uint256","name":"unlockDelaySeconds","type":"uint256"}],"stateMutability":"nonpayable","type":"constructor"},{"anonymous":false,"inputs":[{"indexed":false,"internalType":"address","name":"cancelerAddress","type":"address"}],"name":"CancelSetAddressesEvent","type":"event"},{"anonymous":false,"inputs":[{"indexed":false,"internalType":"address","name":"confirmerAddress","type":"address"}],"name":"ConfirmSetAddressesEvent","type":"event"},{"anonymous":false,"inputs":[{"indexed":false,"internalType":"address","name":"launcherAddress","type":"address"},{"indexed":false,"internalType":"address[]","name":"newAddress","type":"address[]"},{"indexed":false,"internalType":"uint16[]","name":"idx","type":"uint16[]"}],"name":"LaunchSetAddressesEvent","type":"event"},{"anonymous":false,"inputs":[{"indexed":false,"internalType":"address","name":"starterAddress","type":"address"},{"indexed":false,"internalType":"address[]","name":"newAddress","type":"address[]"},{"indexed":false,"internalType":"uint16[]","name":"idx","type":"uint16[]"}],"name":"StartSetAddressesEvent","type":"event"},{"inputs":[],"name":"cancelSetAddresses","outputs":[],"stateMutability":"nonpayable","type":"function"},{"inputs":[{"internalType":"address","name":"targetAddress","type":"address"}],"name":"checkManager","outputs":[{"internalType":"bool","name":"","type":"bool"}],"stateMutability":"view","type":"function"},{"inputs":[],"name":"confirmSetAddresses","outputs":[],"stateMutability":"nonpayable","type":"function"},{"inputs":[],"name":"launchSetAddresses","outputs":[],"stateMutability":"nonpayable","type":"function"},{"inputs":[{"internalType":"uint16[]","name":"index","type":"uint16[]"},{"internalType":"address[]","name":"newAddress","type":"address[]"}],"name":"startSetAddresses","outputs":[],"stateMutability":"nonpayable","type":"function"},{"inputs":[{"internalType":"uint16","name":"index","type":"uint16"}],"name":"viewAddress","outputs":[{"internalType":"address","name":"","type":"address"}],"stateMutability":"view","type":"function"},{"inputs":[],"name":"viewConfirmSetAddressStatus","outputs":[{"components":[{"internalType":"uint256","name":"count","type":"uint256"},{"internalType":"uint256","name":"unlockTimestamp","type":"uint256"},{"internalType":"uint16[]","name":"index","type":"uint16[]"},{"internalType":"address[]","name":"addr","type":"address[]"},{"internalType":"address[]","name":"confirmers","type":"address[]"}],"internalType":"struct Addresses.MultiSign","name":"","type":"tuple"}],"stateMutability":"view","type":"function"},{"inputs":[],"name":"viewNumOfConfirmation","outputs":[{"internalType":"uint256","name":"","type":"uint256"}],"stateMutability":"view","type":"function"},{"inputs":[],"name":"viewUnlockSeconds","outputs":[{"internalType":"uint256","name":"","type":"uint256"}],"stateMutability":"view","type":"function"}]