[{"inputs":[{"components":[{"internalType":"uint32","name":"total","type":"uint32"},{"internalType":"uint32","name":"maxCount","type":"uint32"},{"internalType":"uint32","name":"times0","type":"uint32"},{"internalType":"uint32","name":"times1","type":"uint32"},{"internalType":"uint32","name":"times2","type":"uint32"},{"internalType":"uint32","name":"times3","type":"uint32"}],"internalType":"struct Coupon.PackInfo","name":"newPackInfo","type":"tuple"},{"internalType":"address","name":"ownerAddress","type":"address"}],"stateMutability":"nonpayable","type":"constructor"},{"stateMutability":"payable","type":"fallback"}]