[{"anonymous":false,"inputs":[{"indexed":true,"internalType":"address","name":"packAddress","type":"address"},{"indexed":false,"internalType":"uint256","name":"txUniqueNumber","type":"uint256"},{"components":[{"internalType":"uint32","name":"total","type":"uint32"},{"internalType":"uint32","name":"maxCount","type":"uint32"},{"internalType":"uint32","name":"times0","type":"uint32"},{"internalType":"uint32","name":"times1","type":"uint32"},{"internalType":"uint32","name":"times2","type":"uint32"},{"internalType":"uint32","name":"times3","type":"uint32"}],"indexed":false,"internalType":"struct Coupon.PackInfo","name":"packInfo","type":"tuple"}],"name":"CreateCouponEvent","type":"event"},{"anonymous":false,"inputs":[{"indexed":true,"internalType":"address","name":"packAddress","type":"address"},{"indexed":false,"internalType":"address","name":"senderAddress","type":"address"},{"indexed":false,"internalType":"address[]","name":"receiverAddress","type":"address[]"}],"name":"GiveEvent","type":"event"},{"inputs":[{"components":[{"internalType":"uint32","name":"total","type":"uint32"},{"internalType":"uint32","name":"maxCount","type":"uint32"},{"internalType":"uint32","name":"times0","type":"uint32"},{"internalType":"uint32","name":"times1","type":"uint32"},{"internalType":"uint32","name":"times2","type":"uint32"},{"internalType":"uint32","name":"times3","type":"uint32"}],"internalType":"struct Coupon.PackInfo","name":"packInfo","type":"tuple"},{"internalType":"uint256","name":"txUniqueNumber","type":"uint256"}],"name":"createCoupon","outputs":[],"stateMutability":"nonpayable","type":"function"},{"inputs":[{"internalType":"uint256","name":"count","type":"uint256"}],"name":"getCountFee","outputs":[{"internalType":"uint256","name":"","type":"uint256"}],"stateMutability":"view","type":"function"},{"inputs":[],"name":"getPrice","outputs":[{"internalType":"uint256","name":"","type":"uint256"}],"stateMutability":"view","type":"function"},{"inputs":[],"name":"viewVersion","outputs":[{"internalType":"uint8","name":"","type":"uint8"}],"stateMutability":"pure","type":"function"}]