[{"anonymous":false,"inputs":[{"indexed":true,"internalType":"address","name":"","type":"address"},{"indexed":false,"internalType":"uint256","name":"previousTotal","type":"uint256"},{"indexed":false,"internalType":"uint256","name":"changedTotal","type":"uint256"},{"indexed":false,"internalType":"uint256","name":"feePrice","type":"uint256"},{"indexed":false,"internalType":"uint256","name":"swappedAmount","type":"uint256"}],"name":"ChangeTotalEvent","type":"event"},{"anonymous":false,"inputs":[{"indexed":true,"internalType":"address","name":"packAddress","type":"address"},{"indexed":false,"internalType":"address","name":"senderAddress","type":"address"},{"indexed":false,"internalType":"address[]","name":"receiverAddress","type":"address[]"}],"name":"GiveEvent","type":"event"},{"inputs":[{"internalType":"uint32","name":"newQuantity","type":"uint32"}],"name":"changeTotal","outputs":[],"stateMutability":"payable","type":"function"},{"inputs":[{"internalType":"uint256","name":"count","type":"uint256"}],"name":"getCountFee","outputs":[{"internalType":"uint256","name":"","type":"uint256"}],"stateMutability":"view","type":"function"},{"inputs":[],"name":"getPrice","outputs":[{"internalType":"uint256","name":"","type":"uint256"}],"stateMutability":"view","type":"function"},{"inputs":[],"name":"viewInfo","outputs":[{"components":[{"internalType":"uint32","name":"total","type":"uint32"},{"internalType":"uint32","name":"maxCount","type":"uint32"},{"internalType":"uint32","name":"times0","type":"uint32"},{"internalType":"uint32","name":"times1","type":"uint32"},{"internalType":"uint32","name":"times2","type":"uint32"},{"internalType":"uint32","name":"times3","type":"uint32"}],"internalType":"struct Coupon.PackInfo","name":"","type":"tuple"}],"stateMutability":"view","type":"function"},{"inputs":[],"name":"viewOwner","outputs":[{"internalType":"address","name":"","type":"address"}],"stateMutability":"view","type":"function"},{"inputs":[],"name":"viewQuantity","outputs":[{"internalType":"uint256","name":"","type":"uint256"}],"stateMutability":"view","type":"function"},{"inputs":[],"name":"viewVersion","outputs":[{"internalType":"uint8","name":"","type":"uint8"}],"stateMutability":"pure","type":"function"}]