[{"inputs":[],"stateMutability":"nonpayable","type":"constructor"},{"anonymous":false,"inputs":[{"indexed":false,"internalType":"bool","name":"isContractStopped","type":"bool"}],"name":"ToggleContractStoppedEvent","type":"event"},{"inputs":[],"name":"confirmToggleContractStopped","outputs":[],"stateMutability":"nonpayable","type":"function"},{"inputs":[],"name":"getContractStopped","outputs":[{"internalType":"bool","name":"","type":"bool"}],"stateMutability":"view","type":"function"},{"inputs":[],"name":"toggleContractStopped","outputs":[],"stateMutability":"nonpayable","type":"function"}]