[{"inputs":[{"internalType":"address","name":"tokenAddress","type":"address"}],"stateMutability":"nonpayable","type":"constructor"},{"anonymous":false,"inputs":[{"indexed":false,"internalType":"address","name":"sender","type":"address"},{"components":[{"internalType":"address","name":"to","type":"address"},{"internalType":"uint256","name":"amount","type":"uint256"}],"indexed":false,"internalType":"struct MultiTransfer.TransferInfo[]","name":"receiver","type":"tuple[]"}],"name":"GovernanceTokenTransferEvent","type":"event"},{"anonymous":false,"inputs":[{"indexed":false,"internalType":"address","name":"sender","type":"address"},{"components":[{"internalType":"address","name":"to","type":"address"},{"internalType":"uint256","name":"amount","type":"uint256"}],"indexed":false,"internalType":"struct MultiTransfer.TransferInfo[]","name":"receiver","type":"tuple[]"}],"name":"TokenTransferEvent","type":"event"},{"inputs":[{"internalType":"address","name":"tokenAddress","type":"address"},{"components":[{"internalType":"address","name":"to","type":"address"},{"internalType":"uint256","name":"amount","type":"uint256"}],"internalType":"struct MultiTransfer.TransferInfo[]","name":"to","type":"tuple[]"}],"name":"multiTransfer","outputs":[],"stateMutability":"payable","type":"function"},{"inputs":[{"components":[{"internalType":"address","name":"to","type":"address"},{"internalType":"uint256","name":"amount","type":"uint256"}],"internalType":"struct MultiTransfer.TransferInfo[]","name":"to","type":"tuple[]"}],"name":"transferGovernanceToken","outputs":[],"stateMutability":"payable","type":"function"}]