[{"anonymous":false,"inputs":[{"indexed":true,"internalType":"address","name":"packAddress","type":"address"},{"indexed":false,"internalType":"uint256","name":"txUniqueNumber","type":"uint256"},{"components":[{"internalType":"uint8","name":"noshowValue","type":"uint8"},{"internalType":"uint16","name":"tokenType","type":"uint16"},{"internalType":"uint32","name":"total","type":"uint32"},{"internalType":"uint32","name":"times0","type":"uint32"},{"internalType":"uint32","name":"times1","type":"uint32"},{"internalType":"uint32","name":"times2","type":"uint32"},{"internalType":"uint32","name":"times3","type":"uint32"},{"internalType":"uint32","name":"maxCount","type":"uint32"},{"internalType":"uint256","name":"price","type":"uint256"}],"indexed":false,"internalType":"struct Ticket.PackInfo","name":"packInfo","type":"tuple"},{"indexed":false,"internalType":"uint256","name":"feePrice","type":"uint256"},{"indexed":false,"internalType":"uint256","name":"swappedAmount","type":"uint256"}],"name":"CreateTicketEvent","type":"event"},{"anonymous":false,"inputs":[{"indexed":true,"internalType":"address","name":"packAddress","type":"address"},{"indexed":false,"internalType":"address","name":"senderAddress","type":"address"},{"indexed":false,"internalType":"address[]","name":"receiverAddress","type":"address[]"}],"name":"GiveEvent","type":"event"},{"inputs":[{"components":[{"internalType":"uint8","name":"noshowValue","type":"uint8"},{"internalType":"uint16","name":"tokenType","type":"uint16"},{"internalType":"uint32","name":"total","type":"uint32"},{"internalType":"uint32","name":"times0","type":"uint32"},{"internalType":"uint32","name":"times1","type":"uint32"},{"internalType":"uint32","name":"times2","type":"uint32"},{"internalType":"uint32","name":"times3","type":"uint32"},{"internalType":"uint32","name":"maxCount","type":"uint32"},{"internalType":"uint256","name":"price","type":"uint256"}],"internalType":"struct Ticket.PackInfo","name":"packInfo","type":"tuple"},{"internalType":"uint256","name":"txUniqueNumber","type":"uint256"}],"name":"createTicket","outputs":[],"stateMutability":"payable","type":"function"},{"inputs":[{"internalType":"uint256","name":"count","type":"uint256"}],"name":"getCountFee","outputs":[{"internalType":"uint256","name":"","type":"uint256"}],"stateMutability":"view","type":"function"},{"inputs":[],"name":"getPrice","outputs":[{"internalType":"uint256","name":"","type":"uint256"}],"stateMutability":"view","type":"function"},{"inputs":[],"name":"viewVersion","outputs":[{"internalType":"uint8","name":"","type":"uint8"}],"stateMutability":"pure","type":"function"}]