[{"anonymous":false,"inputs":[{"indexed":true,"internalType":"address","name":"packAddress","type":"address"},{"indexed":false,"internalType":"uint256","name":"txUniqueNumber","type":"uint256"},{"indexed":false,"internalType":"address","name":"buyer","type":"address"},{"indexed":false,"internalType":"uint256","name":"buyQuantity","type":"uint256"}],"name":"BuyEvent","type":"event"},{"anonymous":false,"inputs":[{"indexed":true,"internalType":"address","name":"","type":"address"},{"indexed":false,"internalType":"address","name":"owner","type":"address"},{"indexed":false,"internalType":"uint256","name":"calculatedAmount","type":"uint256"}],"name":"CalculateEvent","type":"event"},{"anonymous":false,"inputs":[{"indexed":true,"internalType":"address","name":"","type":"address"},{"indexed":false,"internalType":"uint256","name":"previousTotal","type":"uint256"},{"indexed":false,"internalType":"uint256","name":"changedTotal","type":"uint256"},{"indexed":false,"internalType":"uint256","name":"feePrice","type":"uint256"},{"indexed":false,"internalType":"uint256","name":"swappedAmount","type":"uint256"}],"name":"ChangeTotalEvent","type":"event"},{"anonymous":false,"inputs":[{"indexed":true,"internalType":"address","name":"packAddress","type":"address"},{"indexed":false,"internalType":"address","name":"senderAddress","type":"address"},{"indexed":false,"internalType":"address[]","name":"receiverAddress","type":"address[]"}],"name":"GiveEvent","type":"event"},{"anonymous":false,"inputs":[{"indexed":true,"internalType":"address","name":"packAddress","type":"address"},{"indexed":false,"internalType":"address","name":"buyer","type":"address"},{"indexed":false,"internalType":"uint256","name":"quantity","type":"uint256"},{"indexed":false,"internalType":"uint256","name":"refundedAmount","type":"uint256"},{"indexed":false,"internalType":"uint256","name":"swappedTokenAmount","type":"uint256"}],"name":"RequestRefundEvent","type":"event"},{"anonymous":false,"inputs":[{"indexed":true,"internalType":"address","name":"packAddress","type":"address"},{"indexed":false,"internalType":"address","name":"userAddress","type":"address"},{"indexed":false,"internalType":"uint256","name":"useQuantity","type":"uint256"}],"name":"UseEvent","type":"event"},{"inputs":[{"internalType":"uint32","name":"buyQuantity","type":"uint32"},{"internalType":"uint256","name":"txUniqueNumber","type":"uint256"}],"name":"buy","outputs":[],"stateMutability":"payable","type":"function"},{"inputs":[],"name":"calculate","outputs":[],"stateMutability":"nonpayable","type":"function"},{"inputs":[{"internalType":"uint32","name":"newQuantity","type":"uint32"}],"name":"changeTotal","outputs":[],"stateMutability":"payable","type":"function"},{"inputs":[{"internalType":"uint256","name":"count","type":"uint256"}],"name":"getCountFee","outputs":[{"internalType":"uint256","name":"","type":"uint256"}],"stateMutability":"view","type":"function"},{"inputs":[],"name":"getPrice","outputs":[{"internalType":"uint256","name":"","type":"uint256"}],"stateMutability":"view","type":"function"},{"inputs":[{"internalType":"address[]","name":"to","type":"address[]"}],"name":"give","outputs":[],"stateMutability":"nonpayable","type":"function"},{"inputs":[{"internalType":"uint32","name":"refundQuantity","type":"uint32"}],"name":"requestRefund","outputs":[],"stateMutability":"nonpayable","type":"function"},{"inputs":[{"internalType":"uint32","name":"useQuantity","type":"uint32"}],"name":"use","outputs":[],"stateMutability":"nonpayable","type":"function"},{"inputs":[],"name":"viewInfo","outputs":[{"components":[{"internalType":"uint8","name":"noshowValue","type":"uint8"},{"internalType":"uint16","name":"tokenType","type":"uint16"},{"internalType":"uint32","name":"total","type":"uint32"},{"internalType":"uint32","name":"times0","type":"uint32"},{"internalType":"uint32","name":"times1","type":"uint32"},{"internalType":"uint32","name":"times2","type":"uint32"},{"internalType":"uint32","name":"times3","type":"uint32"},{"internalType":"uint32","name":"maxCount","type":"uint32"},{"internalType":"uint256","name":"price","type":"uint256"}],"internalType":"struct Ticket.PackInfo","name":"","type":"tuple"}],"stateMutability":"view","type":"function"},{"inputs":[],"name":"viewOwner","outputs":[{"internalType":"address","name":"","type":"address"}],"stateMutability":"view","type":"function"},{"inputs":[],"name":"viewQuantity","outputs":[{"internalType":"uint256","name":"","type":"uint256"}],"stateMutability":"view","type":"function"},{"inputs":[],"name":"viewTotalUsedCount","outputs":[{"internalType":"uint32","name":"","type":"uint32"}],"stateMutability":"view","type":"function"},{"inputs":[{"internalType":"address","name":"_addr","type":"address"}],"name":"viewUser","outputs":[{"components":[{"internalType":"uint32","name":"hasCount","type":"uint32"},{"internalType":"uint32","name":"useCount","type":"uint32"}],"internalType":"struct Ticket.pack","name":"","type":"tuple"}],"stateMutability":"view","type":"function"},{"inputs":[],"name":"viewVersion","outputs":[{"internalType":"uint8","name":"","type":"uint8"}],"stateMutability":"pure","type":"function"}]